asset_id,promotion_or_section,subject_or_scene,event_or_context,date_or_era,creator,source_page,license,commercial_reuse,attribution_required,share_alike,planned_use,status,notes
BT-AEW-001,AEW,"Wembley Stadium crowd and stage","AEW All In 2023","2023-08-27",McPhail,"https://commons.wikimedia.org/wiki/File:AEW_All_In_2023.jpg",CC0 1.0,Yes,No,No,"Homepage cover; AEW scorecard hero; modern-scale establishing photograph",Approved,"Own work; retain accurate event caption even though attribution is not legally required; Wikimedia responsive derivative and CSS crop only"
BT-AEW-002,AEW,"Young Bucks performing BTE Trigger","AEW All In 2023","2023-08-27","McPhail / Commons contributor","https://commons.wikimedia.org/wiki/File:Young_Bucks_BTE_Trigger.jpg",CC0 1.0,Yes,No,No,"AEW team-ecosystem chapter",Candidate,"Verify creator metadata and exact event context before download or production use"
BT-AEW-003,AEW,"Sting and Darby Allin appearing together","AEW All In 2023","2023-08-27",McPhail,"https://commons.wikimedia.org/wiki/File:Sting_and_Darby_Allin_at_All_In_2023.png",CC0 1.0,Yes,No,No,"Homepage AEW feature; AEW scorecard identity section",Approved,"Own work; exact event and date verified; Wikimedia responsive derivative and CSS crop only"
BT-WWE-001,WWE,"Interior arena view during WWE Raw","WWE Raw at the O2 Arena","2008-04-14",Badudoy,"https://commons.wikimedia.org/wiki/File:WWE_%40_O2_arena.jpg",CC BY 3.0,Yes,Yes,No,"Homepage cover and comparison; WWE scorecard hero",Approved,"Credit Badudoy; link CC BY 3.0; Wikimedia responsive derivative and CSS crop only; no pixel retouching"
BT-WWE-002,WWE,"Vince McMahon Sr. and Vince McMahon Jr.","WWF ownership transition","circa 1979-1984","Unknown photographer; source publication Wrestling Magazine, Winter 1986","https://commons.wikimedia.org/wiki/File:Vince_McMahon_Sr_and_Vince_McMahon_Jr.jpg","Public domain in the United States under Commons publication analysis",Jurisdiction-dependent,No,No,"Possible U.S.-specific historical research context only","Legal review — not approved for production distribution","Excluded from the global build and self-hosted archive because the public-domain analysis is explicitly U.S.-specific; do not publish until counsel or a globally sufficient rights basis is documented"
BT-WWE-003,WWE,"Vince McMahon portrait","National expansion era","1986","Unknown photographer","https://commons.wikimedia.org/wiki/File:Vince_McMahon,_1986.png","Public domain in the United States under Commons publication analysis",Jurisdiction-dependent,No,No,"Possible U.S.-specific historical research context only","Legal review — not approved for production distribution","Excluded from the global build and self-hosted archive; do not publish until a globally sufficient rights basis is documented"
BT-TNA-001,TNA,"Raven in the ring corner","TNA Impact taping","2010-07-26",daysofthundr46,"https://commons.wikimedia.org/wiki/File:Raven_corner_TNA.jpg",CC BY-SA 2.0,Yes,Yes,Yes,"Homepage TNA feature; TNA scorecard early-era atmosphere",Approved,"Credit daysofthundr46; link CC BY-SA 2.0; Wikimedia responsive derivative and CSS crop only; derivative remains CC BY-SA 2.0"
BT-TNA-002,TNA,"Jeff Hardy portrait","WrestleCon appearance","2025-04-20",Sarah Bellia,"https://commons.wikimedia.org/wiki/File:Jeff_Hardy_TNA_042025.jpg",CC BY-SA 4.0,Yes,Yes,Yes,"Contemporary Jeff Hardy portrait; modern TNA roster or tag-team context only","Approved with context restriction","This is WrestleCon, not a TNA event or championship celebration; caption must identify WrestleCon and may not imply a title win, match or TNA venue"
BT-TNA-003,TNA,"Raven and Tommy Dreamer together","TNA Impact taping","2010-07-26",daysofthundr46,"https://commons.wikimedia.org/wiki/File:Raven_and_Dreamer_July_2010.jpg",CC BY-SA 2.0,Yes,Yes,Yes,"Homepage TNA investigation; imported-credibility chapter",Approved,"Credit daysofthundr46; exact TNA Impact taping context verified; Wikimedia responsive derivative and CSS crop only; derivative remains CC BY-SA 2.0"
BT-ECW-001,ECW,"Paul Heyman at an ECW live event","WWE-era ECW live event in Racine, Wisconsin","2006-10-28",Mshake3,"https://commons.wikimedia.org/wiki/File:Paulheyman.jpg",CC BY 3.0,Yes,Yes,No,"Possible WWE-era ECW comparison context only",Restricted context,"This is WWE-era ECW and is prohibited from original-ECW presentation"
BT-ECW-002,ECW,"WWE-era ECW championship belt","Physical championship-belt photograph","2008-04-10","Author listed as 'Unknow'; uploaded as own work by Gabriel Araujo Schott","https://commons.wikimedia.org/wiki/File:ECW_Championship.jpg",CC BY-SA 4.0,Yes,Yes,Yes,"Possible WWE-era ECW context only",Rejected for original ECW,"The center plate explicitly reads World Wrestling Entertainment; prohibited from original-ECW scorecard and homepage presentation"
BT-ECW-003,ECW,"Paul Heyman addressing the crowd","Original ECW TNN television taping at Westchester County Center, White Plains, New York","1999-12-23","Mr Jonathan Ice","https://commons.wikimedia.org/wiki/File:Paul_(E)_Heyman_Addressing_Crowd.jpg",CC BY-SA 2.0,Yes,Yes,Yes,"Homepage original-ECW feature; ECW governance and identity chapter",Approved,"Period-correct original ECW image; credit Mr Jonathan Ice; link CC BY-SA 2.0; Wikimedia responsive derivative and CSS crop only; derivative remains CC BY-SA 2.0"
BT-WCW-001,WCW,"Kevin Nash and Sting at Nitro","WCW Monday Nitro taping in Minneapolis, Minnesota","1998; Commons upload 2012",Dr Darin Davis,"https://commons.wikimedia.org/wiki/File:Nash_and_Sting_at_Nitro_1998.jpg",CC BY 2.0,Yes,Yes,No,"WCW scorecard hero; top-level governance and faction-era chapter",Approved,"Period-correct 1998 Nitro photograph; credit Dr Darin Davis; link CC BY 2.0; Wikimedia responsive derivative and CSS crop only"
BT-WCW-002,WCW,"Scott Steiner at Nitro","WCW Monday Nitro taping in Minneapolis, Minnesota","1998; Commons upload 2012",Dr Darin Davis,"https://commons.wikimedia.org/wiki/File:Scott_Steiner_Nitro.jpg",CC BY 2.0,Yes,Yes,No,"Small archival inset for WCW roster or concentration chapter","Approved with resolution restriction","Original file is only 136×336; do not use as hero, full bleed or enlarged background; credit Dr Darin Davis"
BT-WCW-003,WCW,"Diamond Dallas Page as WCW World Heavyweight Champion","WCW championship portrait","Undated WCW-era portrait; uploaded 2007","Diamond Dallas Page identified as photo owner; transferred by Iadiedee28 with Wikimedia permission record","https://commons.wikimedia.org/wiki/File:DDPChampBelt.jpg",CC BY-SA 2.5,Yes,Yes,Yes,"Homepage WCW feature; WCW world-title pathway chapter",Approved,"Credit Diamond Dallas Page as rights holder and note Wikimedia permission record; link CC BY-SA 2.5; Wikimedia responsive derivative and CSS crop only; do not overlay or alter the photographed belt; derivative remains CC BY-SA 2.5"
BT-GENERAL-001,Homepage,"Arena crowd during WWE Raw","WWE Raw Live at TCC Arena","2007-07-30",JBZA2003,"https://commons.wikimedia.org/wiki/File:TCCwrestling.jpg",CC BY-SA 2.5,Yes,Yes,Yes,"Homepage WWE feature replacement; archival-modern collage; crowd-scale panel",Approved,"Use with visible event-specific credit; not as a neutral unidentified promotion image; Wikimedia responsive derivative and CSS crop only; derivative remains CC BY-SA 2.5"
